output,ontology_concept,quantity_kind_iri,unit,unit_symbol,unit_iri,unit_source,aggregation,temporal_support,additive,validity_flag,definition
physical_dose_gy,LQL_total_dose,http://qudt.org/vocab/quantitykind/AbsorbedDose,unit:GRAY,Gy,http://qudt.org/vocab/unit/GRAY,QUDT,,,,,Dose physique totale = dose par fraction × fractions ; distincte de BED.
bed_oar,LQL_bed_oar,http://qudt.org/vocab/quantitykind/AbsorbedDose,unit:GRAY,Gy,http://qudt.org/vocab/unit/GRAY,QUDT,AggPerCourse,,true,,BED organe native ; null si non calculable.
bed_tumour,LQL_bed_tumour,http://qudt.org/vocab/quantitykind/AbsorbedDose,unit:GRAY,Gy,http://qudt.org/vocab/unit/GRAY,QUDT,AggPerCourse,,,,BED tumeur native ; null si non calculable.
eqd_oar_total,LQL_eqd_oar_total,http://qudt.org/vocab/quantitykind/AbsorbedDose,unit:GRAY,Gy,http://qudt.org/vocab/unit/GRAY,QUDT,AggSum,,,Result.oar_total_valid,Dose équivalente organe au fractionnement de référence ; null si invalide ou saturée.
eqd_tumour_total,LQL_eqd_tumour_total,http://qudt.org/vocab/quantitykind/AbsorbedDose,unit:GRAY,Gy,http://qudt.org/vocab/unit/GRAY,QUDT,AggSum,,,Result.tumour_total_valid,Dose équivalente tumeur au fractionnement de référence ; null si invalide ou saturée.
ntcp_percent,LQL_ntcp,http://qudt.org/vocab/quantitykind/DimensionlessRatio,unit:PERCENT,%,http://qudt.org/vocab/unit/PERCENT,QUDT,,,,,Probabilité modélisée de complication ; null si EQD invalide ou coefficient absent.
tcp_percent,LQL_tcp_percent,http://qudt.org/vocab/quantitykind/DimensionlessRatio,unit:PERCENT,%,http://qudt.org/vocab/unit/PERCENT,QUDT,,,,,Probabilité modélisée de contrôle tumoral ; null si EQD invalide ou coefficient absent.
cancer_risk,LQL_cancer_risk,,,,,,,,,,"Indice natif du modèle de risque secondaire ; dépend des coefficients tabulés, ne pas interpréter comme pourcentage clinique."
overall_days_oar,LQL_overall_days_oar,http://qudt.org/vocab/quantitykind/Time,unit:DAY,j,http://qudt.org/vocab/unit/DAY,QUDT,AggPerCourse,,,,"Durée calendaire native du cursus, organe."
overall_days_tumour,LQL_overall_days_tumour,http://qudt.org/vocab/quantitykind/Time,unit:DAY,j,http://qudt.org/vocab/unit/DAY,QUDT,AggPerCourse,,,,"Durée calendaire native du cursus, tumeur."
oar_total_valid,LQL_oar_total_valid,,,,,,,,,,Validité native du total organe.
tumour_total_valid,LQL_tumour_total_valid,,,,,,,,,,Validité native du total tumeur.
oar_saturated,LQL_oar_saturated,,,,,,,,,,true si EQD organe à une borne de recherche.
tumour_saturated,LQL_tumour_saturated,,,,,,,,,,true si EQD tumeur à une borne de recherche.
