group,field,api_name,ontology_concept,type,unit,unit_symbol,unit_iri,quantity_kind_iri,bounds,bound_authority,categories,default_proposal,qualitative_conventions_require_acceptance,course_or_mode_instance,definition
inputs,length_m,length_m,,float,unit:M,m,http://qudt.org/vocab/unit/M,http://qudt.org/vocab/quantitykind/Length,min_exclusive 0,code,,1500,faible=375.0 [tunnel court / faible longueur] ; courant=1500 [longueur courante] ; élevé=9000.0 [tunnel long / grande longueur] ; très élevé=12000.0 [tunnel très long / très grande longueur],,Longueur du tunnel commune aux tubes ; convertie en kilomètres pour les charges proportionnelles à la longueur.
inputs,n_tubes,n_tubes,,int,unit:NUM,count,http://qudt.org/vocab/unit/NUM,http://qudt.org/vocab/quantitykind/Count,min 1; max 8,code,,2,peu=1 [peu de tubes] ; courant=2 [nombre courant de tubes] ; beaucoup=3 [beaucoup de tubes] ; maximum de référence=4 [énormément de tubes],,Nombre de tubes ; multiplie les charges de ventilation et d’auxiliaires et contribue au nombre total de voies.
inputs,n_lanes_per_tube,n_lanes_per_tube,,int,unit:NUM,count,http://qudt.org/vocab/unit/NUM,http://qudt.org/vocab/quantitykind/Count,min 1; max 6,code,,2,peu=1 [peu de voies par tube] ; courant=2 [nombre courant de voies par tube] ; beaucoup=3 [beaucoup de voies par tube] ; maximum de référence=4 [énormément de voies par tube],,Nombre de voies dans chaque tube ; l’éclairage est dimensionné sur n_tubes × n_lanes_per_tube.
inputs,altitude_m,altitude_m,,float,unit:M,m,http://qudt.org/vocab/unit/M,http://qudt.org/vocab/quantitykind/Length,,,,300,faible=75.0 [faible altitude / basse altitude] ; courant=300 [altitude courante] ; élevé=2250.0 [haute altitude / altitude élevée] ; très élevé=3000.0 [très haute altitude / altitude très élevée],,"Altitude utilisée dans le facteur de ventilation : 1 + max(altitude_m − 500, 0)/6000."
inputs,max_depth_m,max_depth_m,,float,unit:M,m,http://qudt.org/vocab/unit/M,http://qudt.org/vocab/quantitykind/Length,,,,80,faible=20.0 [faible profondeur / tunnel peu profond] ; courant=80 [profondeur courante] ; élevé=750.0 [grande profondeur / tunnel profond] ; très élevé=1000.0 [très grande profondeur / tunnel très profond],,"Profondeur maximale utilisée pour les auxiliaires : facteur 1 + min(max_depth_m, 800)/6000."
inputs,gradient_percent,gradient_percent,,float,unit:PERCENT,%,http://qudt.org/vocab/unit/PERCENT,http://qudt.org/vocab/quantitykind/DimensionlessRatio,,,,2.0,faible=0.5 [faible pente / pente faible] ; courant=2.0 [pente courante] ; élevé=9.0 [forte pente / pente forte] ; très élevé=12.0 [très forte pente / pente très forte],,"Pente en pourcentage, utilisée dans le facteur de ventilation 1 + abs(gradient_percent)/20."
inputs,tunnel_context,tunnel_context,,category,,,,,,,urban | peri-urban | rural,peri-urban,,,Catégorie appliquant un multiplicateur au profil de trafic ; urban ajoute également une composante de pointe en soirée.
inputs,lighting_type,lighting_type,,category,,,,,,,LED adaptive | LED fixed | mixed | sodium fixed,LED adaptive,,,"Catégorie déterminant la puissance spécifique installée, le couplage au trafic et la fraction minimale d’éclairage."
inputs,ventilation_type,ventilation_type,,category,,,,,,,natural/low ventilation | longitudinal | semi-transverse | transverse,longitudinal,,,"Catégorie déterminant la charge de ventilation par kilomètre et par tube, modulée par trafic, altitude, pente et événements."
inputs,aux_kw_per_km_tube,aux_kw_per_km_tube,,float,unit:KiloW per km per tube,kW/(km·tube),https://github.com/cyrilvoyant/websemantic/ns#KiloW-PER-KiloM-PER-TUBE,http://qudt.org/vocab/quantitykind/Power,,,,35.0,faible=8.75 [faible charge auxiliaire / auxiliaires peu puissants] ; courant=35.0 [charge auxiliaire courante] ; élevé=90.0 [forte charge auxiliaire / auxiliaires puissants] ; très élevé=120.0 [très forte charge auxiliaire / auxiliaires très puissants],,"Charge de référence des auxiliaires en kW/(km·tube), multipliée par la longueur, les tubes et le facteur de profondeur."
inputs,base_fixed_kw,base_fixed_kw,,float,unit:KiloW,kW,http://qudt.org/vocab/unit/KiloW,http://qudt.org/vocab/quantitykind/Power,,,,40.0,faible=10.0 [faible charge fixe / charge fixe faible] ; courant=40.0 [charge fixe courante] ; élevé=375.0 [forte charge fixe / charge fixe élevée] ; très élevé=500.0 [très forte charge fixe / charge fixe très élevée],,"Puissance fixe ajoutée une seule fois à la demande totale du tunnel, avant le bruit multiplicatif global."
inputs,traffic_level,traffic_level,,float,unit:UNITLESS,1,http://qudt.org/vocab/unit/UNITLESS,http://qudt.org/vocab/quantitykind/Dimensionless,,,,1.0,beaucoup=1.5 [beaucoup de trafic / beaucoup de traffic / trafic important / trafic élevé / fort trafic] ; énormément=2.0 [énormément de trafic / énormément de traffic / trafic très élevé / trafic énorme] ; faible=0.3 [peu de trafic / faible trafic / trafic faible] ; courant=1.0 [trafic courant],,Multiplicateur du profil synthétique de trafic normalisé ; l’indice final est borné entre 0 et 2 dans TLS.
inputs,morning_peak_hour,morning_peak_hour,,float,unit:HR,h,http://qudt.org/vocab/unit/HR,http://qudt.org/vocab/quantitykind/Time,,,,8.0,tôt=5 [pointe du matin tôt / pic du matin précoce] ; courant=8 [pointe du matin courante] ; tard=11 [pointe du matin tardive / pic du matin tardif],,"Heure du centre du pic gaussien du matin, comprise entre 0 inclus et 24 exclu."
inputs,evening_peak_hour,evening_peak_hour,,float,unit:HR,h,http://qudt.org/vocab/unit/HR,http://qudt.org/vocab/quantitykind/Time,,,,18.0,tôt=15 [pointe du soir tôt / pic du soir précoce] ; courant=18 [pointe du soir courante] ; tard=22 [pointe du soir tardive / pic du soir tardif],,"Heure du centre du pic gaussien du soir, comprise entre 0 inclus et 24 exclu."
inputs,peak_width_h,peak_width_h,,float,unit:HR,h,http://qudt.org/vocab/unit/HR,http://qudt.org/vocab/quantitykind/Time,,,,1.4,faible=0.35 [pics de trafic étroits / pointes étroites] ; courant=1.4 [largeur de pointe courante] ; élevé=3.0 [pics de trafic larges / pointes larges] ; très élevé=4.0 [pics de trafic très larges / pointes très larges],,"Écart-type temporel du pic gaussien du matin en heures ; TLS utilise 1,15 fois cette valeur pour le soir."
inputs,traffic_sensitivity,traffic_sensitivity,,float,unit:UNITLESS,1,http://qudt.org/vocab/unit/UNITLESS,http://qudt.org/vocab/quantitykind/Dimensionless,,,,0.65,faible=0.1625 [faible sensibilité au trafic] ; courant=0.65 [sensibilité au trafic courante] ; élevé=1.125 [forte sensibilité au trafic] ; très élevé=1.5 [très forte sensibilité au trafic],,"Coefficient du trafic dans la charge de ventilation : facteur 0,15 + traffic_sensitivity × traffic_index."
inputs,noise_sigma,noise_sigma,,float,unit:UNITLESS,1,http://qudt.org/vocab/unit/UNITLESS,http://qudt.org/vocab/quantitykind/Dimensionless,min 0,code,,0.06,faible=0.015 [faible bruit relatif / faible bruit gaussien] ; courant=0.06 [bruit relatif courant] ; élevé=0.375 [fort bruit relatif / bruit gaussien élevé] ; très élevé=0.5 [très fort bruit relatif / bruit gaussien très élevé],,Écart-type du bruit gaussien relatif appliqué à la puissance totale ; la puissance résultante est ramenée au minimum à zéro.
inputs,pollution_probability_per_day,pollution_probability_per_day,,float,unit:UNITLESS,1,http://qudt.org/vocab/unit/UNITLESS,http://qudt.org/vocab/quantitykind/Dimensionless,min 0; max 1,code,,0.05,faible=0.0125 [faible probabilité de pollution / événements de pollution rares] ; courant=0.05 [probabilité de pollution courante] ; élevé=0.375 [forte probabilité de pollution / événements de pollution fréquents] ; très élevé=0.5 [très forte probabilité de pollution / événements de pollution très fréquents],,Probabilité journalière de tirer un événement synthétique de pollution ; TLS tire ensuite son début et sa durée.
inputs,accident_probability_per_day,accident_probability_per_day,,float,unit:UNITLESS,1,http://qudt.org/vocab/unit/UNITLESS,http://qudt.org/vocab/quantitykind/Dimensionless,min 0; max 1,code,,0.015,faible=0.00375 [faible probabilité d’accident / accidents rares] ; courant=0.015 [probabilité d’accident courante] ; élevé=0.15 [forte probabilité d’accident / accidents fréquents] ; très élevé=0.2 [très forte probabilité d’accident / accidents très fréquents],,Probabilité journalière de tirer un événement synthétique d’accident ; TLS tire ensuite son début et sa durée.
inputs,pollution_sensitivity,pollution_sensitivity,,float,unit:UNITLESS,1,http://qudt.org/vocab/unit/UNITLESS,http://qudt.org/vocab/quantitykind/Dimensionless,,,,0.55,faible=0.1375 [faible sensibilité à la pollution] ; courant=0.55 [sensibilité à la pollution courante] ; élevé=1.5 [forte sensibilité à la pollution] ; très élevé=2.0 [très forte sensibilité à la pollution],,Coefficient de surcroît de ventilation lorsqu’un événement de pollution est actif : ajout à 1 + pollution_sensitivity × indicateur.
inputs,accident_sensitivity,accident_sensitivity,,float,unit:UNITLESS,1,http://qudt.org/vocab/unit/UNITLESS,http://qudt.org/vocab/quantitykind/Dimensionless,,,,0.75,faible=0.1875 [faible sensibilité aux accidents] ; courant=0.75 [sensibilité aux accidents courante] ; élevé=1.5 [forte sensibilité aux accidents] ; très élevé=2.0 [très forte sensibilité aux accidents],,Coefficient de surcroît de ventilation lorsqu’un accident est actif ; il s’ajoute au coefficient de pollution dans le même facteur.
experiment,start_date,start_date,,date,,,,,,,,2025-01-01,,,"Date de début au format YYYY-MM-DD ; détermine le calendrier, les jours de semaine et les saisons du modèle."
experiment,n_days,n_days,,int,unit:DAY,d,http://qudt.org/vocab/unit/DAY,http://qudt.org/vocab/quantitykind/Time,min 1,policy,,7,court=1 [courte période de simulation / simulation courte] ; courant=7 [durée de simulation courante] ; long=365 [longue période de simulation / simulation longue] ; très long=1095 [très longue période de simulation / simulation très longue],,Nombre de jours entiers simulés à partir de start_date.
experiment,freq_minutes,freq_minutes,,int,unit:MIN,min,http://qudt.org/vocab/unit/MIN,http://qudt.org/vocab/quantitykind/Time,min 1,policy,,60,très fin=5 [pas très fin / résolution temporelle très fine] ; fin=10 [pas fin / résolution temporelle fine] ; intermédiaire=15 [pas intermédiaire] ; large=30 [pas large] ; grossier=60 [pas grossier / résolution temporelle grossière],,Durée constante du pas interne ; l’énergie du pas vaut puissance × freq_minutes/60.
experiment,n_runs,n_runs,,int,unit:NUM,count,http://qudt.org/vocab/unit/NUM,http://qudt.org/vocab/quantitykind/Count,min 1,policy,,3,peu=1 [peu de réalisations] ; courant=3 [nombre courant de réalisations] ; beaucoup=30 [beaucoup de réalisations] ; maximum de référence=50 [énormément de réalisations],,Nombre de réalisations Monte Carlo indépendantes ; chaque réalisation utilise base_seed + son indice.
experiment,base_seed,base_seed,,int,,,,,min 0,policy,,42,,,Identifiant initial du générateur pseudo-aléatoire ; chaque réalisation utilise base_seed + run.
