domain,field,level,aliases,value,unit,formula,authority,policy,acceptance_required
tls,inputs.length_m,faible,tunnel court | faible longueur,375.0,unit:M,375.0,Convention d’essai WebSemantic ; références de curseurs vérifiées dans TLS app.py @748e053e129669cf3e896d381e3c0ac01c763edd. Ni limite physique ni calibration terrain.,"Valeur de scénario proposée, à valider. Le niveau courant reprend le défaut déclaré ; élevé et très élevé utilisent 75 % et 100 % de la référence haute du curseur. Ces niveaux ne sont pas des statistiques observées.",True
tls,inputs.length_m,courant,longueur courante,1500,unit:M,1500,Convention d’essai WebSemantic ; références de curseurs vérifiées dans TLS app.py @748e053e129669cf3e896d381e3c0ac01c763edd. Ni limite physique ni calibration terrain.,"Valeur de scénario proposée, à valider. Le niveau courant reprend le défaut déclaré ; élevé et très élevé utilisent 75 % et 100 % de la référence haute du curseur. Ces niveaux ne sont pas des statistiques observées.",True
tls,inputs.length_m,élevé,tunnel long | grande longueur,9000.0,unit:M,0.75 * 12000.0,Convention d’essai WebSemantic ; références de curseurs vérifiées dans TLS app.py @748e053e129669cf3e896d381e3c0ac01c763edd. Ni limite physique ni calibration terrain.,"Valeur de scénario proposée, à valider. Le niveau courant reprend le défaut déclaré ; élevé et très élevé utilisent 75 % et 100 % de la référence haute du curseur. Ces niveaux ne sont pas des statistiques observées.",True
tls,inputs.length_m,très élevé,tunnel très long | très grande longueur,12000.0,unit:M,1.0 * 12000.0,Convention d’essai WebSemantic ; références de curseurs vérifiées dans TLS app.py @748e053e129669cf3e896d381e3c0ac01c763edd. Ni limite physique ni calibration terrain.,"Valeur de scénario proposée, à valider. Le niveau courant reprend le défaut déclaré ; élevé et très élevé utilisent 75 % et 100 % de la référence haute du curseur. Ces niveaux ne sont pas des statistiques observées.",True
tls,inputs.n_tubes,peu,peu de tubes,1,unit:NUM,1,Convention d’essai WebSemantic ; références de curseurs vérifiées dans TLS app.py @748e053e129669cf3e896d381e3c0ac01c763edd. Ni limite physique ni calibration terrain.,"Comptages entiers de scénario, à valider ; références discrètes de l’interface TLS, pas maxima du moteur.",True
tls,inputs.n_tubes,courant,nombre courant de tubes,2,unit:NUM,2,Convention d’essai WebSemantic ; références de curseurs vérifiées dans TLS app.py @748e053e129669cf3e896d381e3c0ac01c763edd. Ni limite physique ni calibration terrain.,"Comptages entiers de scénario, à valider ; références discrètes de l’interface TLS, pas maxima du moteur.",True
tls,inputs.n_tubes,beaucoup,beaucoup de tubes,3,unit:NUM,3,Convention d’essai WebSemantic ; références de curseurs vérifiées dans TLS app.py @748e053e129669cf3e896d381e3c0ac01c763edd. Ni limite physique ni calibration terrain.,"Comptages entiers de scénario, à valider ; références discrètes de l’interface TLS, pas maxima du moteur.",True
tls,inputs.n_tubes,maximum de référence,énormément de tubes,4,unit:NUM,4,Convention d’essai WebSemantic ; références de curseurs vérifiées dans TLS app.py @748e053e129669cf3e896d381e3c0ac01c763edd. Ni limite physique ni calibration terrain.,"Comptages entiers de scénario, à valider ; références discrètes de l’interface TLS, pas maxima du moteur.",True
tls,inputs.n_lanes_per_tube,peu,peu de voies par tube,1,unit:NUM,1,Convention d’essai WebSemantic ; références de curseurs vérifiées dans TLS app.py @748e053e129669cf3e896d381e3c0ac01c763edd. Ni limite physique ni calibration terrain.,"Comptage par tube, à valider ; ne pas le confondre avec le total de voies.",True
tls,inputs.n_lanes_per_tube,courant,nombre courant de voies par tube,2,unit:NUM,2,Convention d’essai WebSemantic ; références de curseurs vérifiées dans TLS app.py @748e053e129669cf3e896d381e3c0ac01c763edd. Ni limite physique ni calibration terrain.,"Comptage par tube, à valider ; ne pas le confondre avec le total de voies.",True
tls,inputs.n_lanes_per_tube,beaucoup,beaucoup de voies par tube,3,unit:NUM,3,Convention d’essai WebSemantic ; références de curseurs vérifiées dans TLS app.py @748e053e129669cf3e896d381e3c0ac01c763edd. Ni limite physique ni calibration terrain.,"Comptage par tube, à valider ; ne pas le confondre avec le total de voies.",True
tls,inputs.n_lanes_per_tube,maximum de référence,énormément de voies par tube,4,unit:NUM,4,Convention d’essai WebSemantic ; références de curseurs vérifiées dans TLS app.py @748e053e129669cf3e896d381e3c0ac01c763edd. Ni limite physique ni calibration terrain.,"Comptage par tube, à valider ; ne pas le confondre avec le total de voies.",True
tls,inputs.altitude_m,faible,faible altitude | basse altitude,75.0,unit:M,75.0,Convention d’essai WebSemantic ; références de curseurs vérifiées dans TLS app.py @748e053e129669cf3e896d381e3c0ac01c763edd. Ni limite physique ni calibration terrain.,"Valeur de scénario proposée, à valider. Le niveau courant reprend le défaut déclaré ; élevé et très élevé utilisent 75 % et 100 % de la référence haute du curseur. Ces niveaux ne sont pas des statistiques observées.",True
tls,inputs.altitude_m,courant,altitude courante,300,unit:M,300,Convention d’essai WebSemantic ; références de curseurs vérifiées dans TLS app.py @748e053e129669cf3e896d381e3c0ac01c763edd. Ni limite physique ni calibration terrain.,"Valeur de scénario proposée, à valider. Le niveau courant reprend le défaut déclaré ; élevé et très élevé utilisent 75 % et 100 % de la référence haute du curseur. Ces niveaux ne sont pas des statistiques observées.",True
tls,inputs.altitude_m,élevé,haute altitude | altitude élevée,2250.0,unit:M,0.75 * 3000.0,Convention d’essai WebSemantic ; références de curseurs vérifiées dans TLS app.py @748e053e129669cf3e896d381e3c0ac01c763edd. Ni limite physique ni calibration terrain.,"Valeur de scénario proposée, à valider. Le niveau courant reprend le défaut déclaré ; élevé et très élevé utilisent 75 % et 100 % de la référence haute du curseur. Ces niveaux ne sont pas des statistiques observées.",True
tls,inputs.altitude_m,très élevé,très haute altitude | altitude très élevée,3000.0,unit:M,1.0 * 3000.0,Convention d’essai WebSemantic ; références de curseurs vérifiées dans TLS app.py @748e053e129669cf3e896d381e3c0ac01c763edd. Ni limite physique ni calibration terrain.,"Valeur de scénario proposée, à valider. Le niveau courant reprend le défaut déclaré ; élevé et très élevé utilisent 75 % et 100 % de la référence haute du curseur. Ces niveaux ne sont pas des statistiques observées.",True
tls,inputs.max_depth_m,faible,faible profondeur | tunnel peu profond,20.0,unit:M,20.0,Convention d’essai WebSemantic ; références de curseurs vérifiées dans TLS app.py @748e053e129669cf3e896d381e3c0ac01c763edd. Ni limite physique ni calibration terrain.,"Valeur de scénario proposée, à valider. Le niveau courant reprend le défaut déclaré ; élevé et très élevé utilisent 75 % et 100 % de la référence haute du curseur. Ces niveaux ne sont pas des statistiques observées.",True
tls,inputs.max_depth_m,courant,profondeur courante,80,unit:M,80,Convention d’essai WebSemantic ; références de curseurs vérifiées dans TLS app.py @748e053e129669cf3e896d381e3c0ac01c763edd. Ni limite physique ni calibration terrain.,"Valeur de scénario proposée, à valider. Le niveau courant reprend le défaut déclaré ; élevé et très élevé utilisent 75 % et 100 % de la référence haute du curseur. Ces niveaux ne sont pas des statistiques observées.",True
tls,inputs.max_depth_m,élevé,grande profondeur | tunnel profond,750.0,unit:M,0.75 * 1000.0,Convention d’essai WebSemantic ; références de curseurs vérifiées dans TLS app.py @748e053e129669cf3e896d381e3c0ac01c763edd. Ni limite physique ni calibration terrain.,"Valeur de scénario proposée, à valider. Le niveau courant reprend le défaut déclaré ; élevé et très élevé utilisent 75 % et 100 % de la référence haute du curseur. Ces niveaux ne sont pas des statistiques observées.",True
tls,inputs.max_depth_m,très élevé,très grande profondeur | tunnel très profond,1000.0,unit:M,1.0 * 1000.0,Convention d’essai WebSemantic ; références de curseurs vérifiées dans TLS app.py @748e053e129669cf3e896d381e3c0ac01c763edd. Ni limite physique ni calibration terrain.,"Valeur de scénario proposée, à valider. Le niveau courant reprend le défaut déclaré ; élevé et très élevé utilisent 75 % et 100 % de la référence haute du curseur. Ces niveaux ne sont pas des statistiques observées.",True
tls,inputs.gradient_percent,faible,faible pente | pente faible,0.5,unit:PERCENT,0.5,Convention d’essai WebSemantic ; références de curseurs vérifiées dans TLS app.py @748e053e129669cf3e896d381e3c0ac01c763edd. Ni limite physique ni calibration terrain.,"Valeur de scénario proposée, à valider. Le niveau courant reprend le défaut déclaré ; élevé et très élevé utilisent 75 % et 100 % de la référence haute du curseur. Ces niveaux ne sont pas des statistiques observées.",True
tls,inputs.gradient_percent,courant,pente courante,2.0,unit:PERCENT,2.0,Convention d’essai WebSemantic ; références de curseurs vérifiées dans TLS app.py @748e053e129669cf3e896d381e3c0ac01c763edd. Ni limite physique ni calibration terrain.,"Valeur de scénario proposée, à valider. Le niveau courant reprend le défaut déclaré ; élevé et très élevé utilisent 75 % et 100 % de la référence haute du curseur. Ces niveaux ne sont pas des statistiques observées.",True
tls,inputs.gradient_percent,élevé,forte pente | pente forte,9.0,unit:PERCENT,0.75 * 12.0,Convention d’essai WebSemantic ; références de curseurs vérifiées dans TLS app.py @748e053e129669cf3e896d381e3c0ac01c763edd. Ni limite physique ni calibration terrain.,"Valeur de scénario proposée, à valider. Le niveau courant reprend le défaut déclaré ; élevé et très élevé utilisent 75 % et 100 % de la référence haute du curseur. Ces niveaux ne sont pas des statistiques observées.",True
tls,inputs.gradient_percent,très élevé,très forte pente | pente très forte,12.0,unit:PERCENT,1.0 * 12.0,Convention d’essai WebSemantic ; références de curseurs vérifiées dans TLS app.py @748e053e129669cf3e896d381e3c0ac01c763edd. Ni limite physique ni calibration terrain.,"Valeur de scénario proposée, à valider. Le niveau courant reprend le défaut déclaré ; élevé et très élevé utilisent 75 % et 100 % de la référence haute du curseur. Ces niveaux ne sont pas des statistiques observées.",True
tls,inputs.tunnel_context,,,,,,,"Catégories sans ordre universel : utiliser uniquement les catégories déclarées et leurs synonymes non ambigus. « Ancien », « moderne », « fort » ou « faible » seuls demandent une précision ; l’âge ne détermine pas une technologie ni ses performances.",
tls,inputs.lighting_type,,,,,,,"Catégories sans ordre universel : utiliser uniquement les catégories déclarées et leurs synonymes non ambigus. « Ancien », « moderne », « fort » ou « faible » seuls demandent une précision ; l’âge ne détermine pas une technologie ni ses performances.",
tls,inputs.ventilation_type,,,,,,,"Catégories sans ordre universel : utiliser uniquement les catégories déclarées et leurs synonymes non ambigus. « Ancien », « moderne », « fort » ou « faible » seuls demandent une précision ; l’âge ne détermine pas une technologie ni ses performances.",
tls,inputs.aux_kw_per_km_tube,faible,faible charge auxiliaire | auxiliaires peu puissants,8.75,unit:KiloW per km per tube,8.75,Convention d’essai WebSemantic ; références de curseurs vérifiées dans TLS app.py @748e053e129669cf3e896d381e3c0ac01c763edd. Ni limite physique ni calibration terrain.,"Valeur de scénario proposée, à valider. Le niveau courant reprend le défaut déclaré ; élevé et très élevé utilisent 75 % et 100 % de la référence haute du curseur. Ces niveaux ne sont pas des statistiques observées.",True
tls,inputs.aux_kw_per_km_tube,courant,charge auxiliaire courante,35.0,unit:KiloW per km per tube,35.0,Convention d’essai WebSemantic ; références de curseurs vérifiées dans TLS app.py @748e053e129669cf3e896d381e3c0ac01c763edd. Ni limite physique ni calibration terrain.,"Valeur de scénario proposée, à valider. Le niveau courant reprend le défaut déclaré ; élevé et très élevé utilisent 75 % et 100 % de la référence haute du curseur. Ces niveaux ne sont pas des statistiques observées.",True
tls,inputs.aux_kw_per_km_tube,élevé,forte charge auxiliaire | auxiliaires puissants,90.0,unit:KiloW per km per tube,0.75 * 120.0,Convention d’essai WebSemantic ; références de curseurs vérifiées dans TLS app.py @748e053e129669cf3e896d381e3c0ac01c763edd. Ni limite physique ni calibration terrain.,"Valeur de scénario proposée, à valider. Le niveau courant reprend le défaut déclaré ; élevé et très élevé utilisent 75 % et 100 % de la référence haute du curseur. Ces niveaux ne sont pas des statistiques observées.",True
tls,inputs.aux_kw_per_km_tube,très élevé,très forte charge auxiliaire | auxiliaires très puissants,120.0,unit:KiloW per km per tube,1.0 * 120.0,Convention d’essai WebSemantic ; références de curseurs vérifiées dans TLS app.py @748e053e129669cf3e896d381e3c0ac01c763edd. Ni limite physique ni calibration terrain.,"Valeur de scénario proposée, à valider. Le niveau courant reprend le défaut déclaré ; élevé et très élevé utilisent 75 % et 100 % de la référence haute du curseur. Ces niveaux ne sont pas des statistiques observées.",True
tls,inputs.base_fixed_kw,faible,faible charge fixe | charge fixe faible,10.0,unit:KiloW,10.0,Convention d’essai WebSemantic ; références de curseurs vérifiées dans TLS app.py @748e053e129669cf3e896d381e3c0ac01c763edd. Ni limite physique ni calibration terrain.,"Valeur de scénario proposée, à valider. Le niveau courant reprend le défaut déclaré ; élevé et très élevé utilisent 75 % et 100 % de la référence haute du curseur. Ces niveaux ne sont pas des statistiques observées.",True
tls,inputs.base_fixed_kw,courant,charge fixe courante,40.0,unit:KiloW,40.0,Convention d’essai WebSemantic ; références de curseurs vérifiées dans TLS app.py @748e053e129669cf3e896d381e3c0ac01c763edd. Ni limite physique ni calibration terrain.,"Valeur de scénario proposée, à valider. Le niveau courant reprend le défaut déclaré ; élevé et très élevé utilisent 75 % et 100 % de la référence haute du curseur. Ces niveaux ne sont pas des statistiques observées.",True
tls,inputs.base_fixed_kw,élevé,forte charge fixe | charge fixe élevée,375.0,unit:KiloW,0.75 * 500.0,Convention d’essai WebSemantic ; références de curseurs vérifiées dans TLS app.py @748e053e129669cf3e896d381e3c0ac01c763edd. Ni limite physique ni calibration terrain.,"Valeur de scénario proposée, à valider. Le niveau courant reprend le défaut déclaré ; élevé et très élevé utilisent 75 % et 100 % de la référence haute du curseur. Ces niveaux ne sont pas des statistiques observées.",True
tls,inputs.base_fixed_kw,très élevé,très forte charge fixe | charge fixe très élevée,500.0,unit:KiloW,1.0 * 500.0,Convention d’essai WebSemantic ; références de curseurs vérifiées dans TLS app.py @748e053e129669cf3e896d381e3c0ac01c763edd. Ni limite physique ni calibration terrain.,"Valeur de scénario proposée, à valider. Le niveau courant reprend le défaut déclaré ; élevé et très élevé utilisent 75 % et 100 % de la référence haute du curseur. Ces niveaux ne sont pas des statistiques observées.",True
tls,inputs.traffic_level,beaucoup,beaucoup de trafic | beaucoup de traffic | trafic important | trafic élevé | fort trafic,1.5,unit:UNITLESS,0.75 * 2.0,"TLS app.py, Global traffic level slider, revision 748e053e129669cf3e896d381e3c0ac01c763edd; upper interface reference, not physical capacity or adapter maximum.","Convention de scénario autorisée pour les essais : fraction de la référence haute 2 ; hypothèse à valider, sans comptage local.",True
tls,inputs.traffic_level,énormément,énormément de trafic | énormément de traffic | trafic très élevé | trafic énorme,2.0,unit:UNITLESS,1.0 * 2.0,"TLS app.py, Global traffic level slider, revision 748e053e129669cf3e896d381e3c0ac01c763edd; upper interface reference, not physical capacity or adapter maximum.","Convention de scénario autorisée pour les essais : fraction de la référence haute 2 ; hypothèse à valider, sans comptage local.",True
tls,inputs.traffic_level,faible,peu de trafic | faible trafic | trafic faible,0.3,unit:UNITLESS,0.3,"TLS app.py, Global traffic level slider, revision 748e053e129669cf3e896d381e3c0ac01c763edd; upper interface reference, not physical capacity or adapter maximum.","Convention de scénario autorisée pour les essais : fraction de la référence haute 2 ; hypothèse à valider, sans comptage local.",True
tls,inputs.traffic_level,courant,trafic courant,1.0,unit:UNITLESS,1.0,"TLS app.py, Global traffic level slider, revision 748e053e129669cf3e896d381e3c0ac01c763edd; upper interface reference, not physical capacity or adapter maximum.","Convention de scénario autorisée pour les essais : fraction de la référence haute 2 ; hypothèse à valider, sans comptage local.",True
tls,inputs.morning_peak_hour,tôt,pointe du matin tôt | pic du matin précoce,5,unit:HR,5,Convention d’essai WebSemantic ; références de curseurs vérifiées dans TLS app.py @748e053e129669cf3e896d381e3c0ac01c763edd. Ni limite physique ni calibration terrain.,"Centre de la pointe en heures du jour, proposé à valider ; ce n’est pas une durée ni un horaire local observé.",True
tls,inputs.morning_peak_hour,courant,pointe du matin courante,8,unit:HR,8,Convention d’essai WebSemantic ; références de curseurs vérifiées dans TLS app.py @748e053e129669cf3e896d381e3c0ac01c763edd. Ni limite physique ni calibration terrain.,"Centre de la pointe en heures du jour, proposé à valider ; ce n’est pas une durée ni un horaire local observé.",True
tls,inputs.morning_peak_hour,tard,pointe du matin tardive | pic du matin tardif,11,unit:HR,11,Convention d’essai WebSemantic ; références de curseurs vérifiées dans TLS app.py @748e053e129669cf3e896d381e3c0ac01c763edd. Ni limite physique ni calibration terrain.,"Centre de la pointe en heures du jour, proposé à valider ; ce n’est pas une durée ni un horaire local observé.",True
tls,inputs.evening_peak_hour,tôt,pointe du soir tôt | pic du soir précoce,15,unit:HR,15,Convention d’essai WebSemantic ; références de curseurs vérifiées dans TLS app.py @748e053e129669cf3e896d381e3c0ac01c763edd. Ni limite physique ni calibration terrain.,"Centre de la pointe en heures du jour, proposé à valider ; ce n’est pas une durée ni un horaire local observé.",True
tls,inputs.evening_peak_hour,courant,pointe du soir courante,18,unit:HR,18,Convention d’essai WebSemantic ; références de curseurs vérifiées dans TLS app.py @748e053e129669cf3e896d381e3c0ac01c763edd. Ni limite physique ni calibration terrain.,"Centre de la pointe en heures du jour, proposé à valider ; ce n’est pas une durée ni un horaire local observé.",True
tls,inputs.evening_peak_hour,tard,pointe du soir tardive | pic du soir tardif,22,unit:HR,22,Convention d’essai WebSemantic ; références de curseurs vérifiées dans TLS app.py @748e053e129669cf3e896d381e3c0ac01c763edd. Ni limite physique ni calibration terrain.,"Centre de la pointe en heures du jour, proposé à valider ; ce n’est pas une durée ni un horaire local observé.",True
tls,inputs.peak_width_h,faible,pics de trafic étroits | pointes étroites,0.35,unit:HR,0.35,Convention d’essai WebSemantic ; références de curseurs vérifiées dans TLS app.py @748e053e129669cf3e896d381e3c0ac01c763edd. Ni limite physique ni calibration terrain.,"Valeur de scénario proposée, à valider. Le niveau courant reprend le défaut déclaré ; élevé et très élevé utilisent 75 % et 100 % de la référence haute du curseur. Ces niveaux ne sont pas des statistiques observées.",True
tls,inputs.peak_width_h,courant,largeur de pointe courante,1.4,unit:HR,1.4,Convention d’essai WebSemantic ; références de curseurs vérifiées dans TLS app.py @748e053e129669cf3e896d381e3c0ac01c763edd. Ni limite physique ni calibration terrain.,"Valeur de scénario proposée, à valider. Le niveau courant reprend le défaut déclaré ; élevé et très élevé utilisent 75 % et 100 % de la référence haute du curseur. Ces niveaux ne sont pas des statistiques observées.",True
tls,inputs.peak_width_h,élevé,pics de trafic larges | pointes larges,3.0,unit:HR,0.75 * 4.0,Convention d’essai WebSemantic ; références de curseurs vérifiées dans TLS app.py @748e053e129669cf3e896d381e3c0ac01c763edd. Ni limite physique ni calibration terrain.,"Valeur de scénario proposée, à valider. Le niveau courant reprend le défaut déclaré ; élevé et très élevé utilisent 75 % et 100 % de la référence haute du curseur. Ces niveaux ne sont pas des statistiques observées.",True
tls,inputs.peak_width_h,très élevé,pics de trafic très larges | pointes très larges,4.0,unit:HR,1.0 * 4.0,Convention d’essai WebSemantic ; références de curseurs vérifiées dans TLS app.py @748e053e129669cf3e896d381e3c0ac01c763edd. Ni limite physique ni calibration terrain.,"Valeur de scénario proposée, à valider. Le niveau courant reprend le défaut déclaré ; élevé et très élevé utilisent 75 % et 100 % de la référence haute du curseur. Ces niveaux ne sont pas des statistiques observées.",True
tls,inputs.traffic_sensitivity,faible,faible sensibilité au trafic,0.1625,unit:UNITLESS,0.1625,Convention d’essai WebSemantic ; références de curseurs vérifiées dans TLS app.py @748e053e129669cf3e896d381e3c0ac01c763edd. Ni limite physique ni calibration terrain.,"Valeur de scénario proposée, à valider. Le niveau courant reprend le défaut déclaré ; élevé et très élevé utilisent 75 % et 100 % de la référence haute du curseur. Ces niveaux ne sont pas des statistiques observées.",True
tls,inputs.traffic_sensitivity,courant,sensibilité au trafic courante,0.65,unit:UNITLESS,0.65,Convention d’essai WebSemantic ; références de curseurs vérifiées dans TLS app.py @748e053e129669cf3e896d381e3c0ac01c763edd. Ni limite physique ni calibration terrain.,"Valeur de scénario proposée, à valider. Le niveau courant reprend le défaut déclaré ; élevé et très élevé utilisent 75 % et 100 % de la référence haute du curseur. Ces niveaux ne sont pas des statistiques observées.",True
tls,inputs.traffic_sensitivity,élevé,forte sensibilité au trafic,1.125,unit:UNITLESS,0.75 * 1.5,Convention d’essai WebSemantic ; références de curseurs vérifiées dans TLS app.py @748e053e129669cf3e896d381e3c0ac01c763edd. Ni limite physique ni calibration terrain.,"Valeur de scénario proposée, à valider. Le niveau courant reprend le défaut déclaré ; élevé et très élevé utilisent 75 % et 100 % de la référence haute du curseur. Ces niveaux ne sont pas des statistiques observées.",True
tls,inputs.traffic_sensitivity,très élevé,très forte sensibilité au trafic,1.5,unit:UNITLESS,1.0 * 1.5,Convention d’essai WebSemantic ; références de curseurs vérifiées dans TLS app.py @748e053e129669cf3e896d381e3c0ac01c763edd. Ni limite physique ni calibration terrain.,"Valeur de scénario proposée, à valider. Le niveau courant reprend le défaut déclaré ; élevé et très élevé utilisent 75 % et 100 % de la référence haute du curseur. Ces niveaux ne sont pas des statistiques observées.",True
tls,inputs.noise_sigma,faible,faible bruit relatif | faible bruit gaussien,0.015,unit:UNITLESS,0.015,Convention d’essai WebSemantic ; références de curseurs vérifiées dans TLS app.py @748e053e129669cf3e896d381e3c0ac01c763edd. Ni limite physique ni calibration terrain.,"Valeur de scénario proposée, à valider. Le niveau courant reprend le défaut déclaré ; élevé et très élevé utilisent 75 % et 100 % de la référence haute du curseur. Ces niveaux ne sont pas des statistiques observées.",True
tls,inputs.noise_sigma,courant,bruit relatif courant,0.06,unit:UNITLESS,0.06,Convention d’essai WebSemantic ; références de curseurs vérifiées dans TLS app.py @748e053e129669cf3e896d381e3c0ac01c763edd. Ni limite physique ni calibration terrain.,"Valeur de scénario proposée, à valider. Le niveau courant reprend le défaut déclaré ; élevé et très élevé utilisent 75 % et 100 % de la référence haute du curseur. Ces niveaux ne sont pas des statistiques observées.",True
tls,inputs.noise_sigma,élevé,fort bruit relatif | bruit gaussien élevé,0.375,unit:UNITLESS,0.75 * 0.5,Convention d’essai WebSemantic ; références de curseurs vérifiées dans TLS app.py @748e053e129669cf3e896d381e3c0ac01c763edd. Ni limite physique ni calibration terrain.,"Valeur de scénario proposée, à valider. Le niveau courant reprend le défaut déclaré ; élevé et très élevé utilisent 75 % et 100 % de la référence haute du curseur. Ces niveaux ne sont pas des statistiques observées.",True
tls,inputs.noise_sigma,très élevé,très fort bruit relatif | bruit gaussien très élevé,0.5,unit:UNITLESS,1.0 * 0.5,Convention d’essai WebSemantic ; références de curseurs vérifiées dans TLS app.py @748e053e129669cf3e896d381e3c0ac01c763edd. Ni limite physique ni calibration terrain.,"Valeur de scénario proposée, à valider. Le niveau courant reprend le défaut déclaré ; élevé et très élevé utilisent 75 % et 100 % de la référence haute du curseur. Ces niveaux ne sont pas des statistiques observées.",True
tls,inputs.pollution_probability_per_day,faible,faible probabilité de pollution | événements de pollution rares,0.0125,unit:UNITLESS,0.0125,Convention d’essai WebSemantic ; références de curseurs vérifiées dans TLS app.py @748e053e129669cf3e896d381e3c0ac01c763edd. Ni limite physique ni calibration terrain.,"Valeur de scénario proposée, à valider. Le niveau courant reprend le défaut déclaré ; élevé et très élevé utilisent 75 % et 100 % de la référence haute du curseur. Ces niveaux ne sont pas des statistiques observées.",True
tls,inputs.pollution_probability_per_day,courant,probabilité de pollution courante,0.05,unit:UNITLESS,0.05,Convention d’essai WebSemantic ; références de curseurs vérifiées dans TLS app.py @748e053e129669cf3e896d381e3c0ac01c763edd. Ni limite physique ni calibration terrain.,"Valeur de scénario proposée, à valider. Le niveau courant reprend le défaut déclaré ; élevé et très élevé utilisent 75 % et 100 % de la référence haute du curseur. Ces niveaux ne sont pas des statistiques observées.",True
tls,inputs.pollution_probability_per_day,élevé,forte probabilité de pollution | événements de pollution fréquents,0.375,unit:UNITLESS,0.75 * 0.5,Convention d’essai WebSemantic ; références de curseurs vérifiées dans TLS app.py @748e053e129669cf3e896d381e3c0ac01c763edd. Ni limite physique ni calibration terrain.,"Valeur de scénario proposée, à valider. Le niveau courant reprend le défaut déclaré ; élevé et très élevé utilisent 75 % et 100 % de la référence haute du curseur. Ces niveaux ne sont pas des statistiques observées.",True
tls,inputs.pollution_probability_per_day,très élevé,très forte probabilité de pollution | événements de pollution très fréquents,0.5,unit:UNITLESS,1.0 * 0.5,Convention d’essai WebSemantic ; références de curseurs vérifiées dans TLS app.py @748e053e129669cf3e896d381e3c0ac01c763edd. Ni limite physique ni calibration terrain.,"Valeur de scénario proposée, à valider. Le niveau courant reprend le défaut déclaré ; élevé et très élevé utilisent 75 % et 100 % de la référence haute du curseur. Ces niveaux ne sont pas des statistiques observées.",True
tls,inputs.accident_probability_per_day,faible,faible probabilité d’accident | accidents rares,0.00375,unit:UNITLESS,0.00375,Convention d’essai WebSemantic ; références de curseurs vérifiées dans TLS app.py @748e053e129669cf3e896d381e3c0ac01c763edd. Ni limite physique ni calibration terrain.,"Valeur de scénario proposée, à valider. Le niveau courant reprend le défaut déclaré ; élevé et très élevé utilisent 75 % et 100 % de la référence haute du curseur. Ces niveaux ne sont pas des statistiques observées.",True
tls,inputs.accident_probability_per_day,courant,probabilité d’accident courante,0.015,unit:UNITLESS,0.015,Convention d’essai WebSemantic ; références de curseurs vérifiées dans TLS app.py @748e053e129669cf3e896d381e3c0ac01c763edd. Ni limite physique ni calibration terrain.,"Valeur de scénario proposée, à valider. Le niveau courant reprend le défaut déclaré ; élevé et très élevé utilisent 75 % et 100 % de la référence haute du curseur. Ces niveaux ne sont pas des statistiques observées.",True
tls,inputs.accident_probability_per_day,élevé,forte probabilité d’accident | accidents fréquents,0.15000000000000002,unit:UNITLESS,0.75 * 0.2,Convention d’essai WebSemantic ; références de curseurs vérifiées dans TLS app.py @748e053e129669cf3e896d381e3c0ac01c763edd. Ni limite physique ni calibration terrain.,"Valeur de scénario proposée, à valider. Le niveau courant reprend le défaut déclaré ; élevé et très élevé utilisent 75 % et 100 % de la référence haute du curseur. Ces niveaux ne sont pas des statistiques observées.",True
tls,inputs.accident_probability_per_day,très élevé,très forte probabilité d’accident | accidents très fréquents,0.2,unit:UNITLESS,1.0 * 0.2,Convention d’essai WebSemantic ; références de curseurs vérifiées dans TLS app.py @748e053e129669cf3e896d381e3c0ac01c763edd. Ni limite physique ni calibration terrain.,"Valeur de scénario proposée, à valider. Le niveau courant reprend le défaut déclaré ; élevé et très élevé utilisent 75 % et 100 % de la référence haute du curseur. Ces niveaux ne sont pas des statistiques observées.",True
tls,inputs.pollution_sensitivity,faible,faible sensibilité à la pollution,0.1375,unit:UNITLESS,0.1375,Convention d’essai WebSemantic ; références de curseurs vérifiées dans TLS app.py @748e053e129669cf3e896d381e3c0ac01c763edd. Ni limite physique ni calibration terrain.,"Valeur de scénario proposée, à valider. Le niveau courant reprend le défaut déclaré ; élevé et très élevé utilisent 75 % et 100 % de la référence haute du curseur. Ces niveaux ne sont pas des statistiques observées.",True
tls,inputs.pollution_sensitivity,courant,sensibilité à la pollution courante,0.55,unit:UNITLESS,0.55,Convention d’essai WebSemantic ; références de curseurs vérifiées dans TLS app.py @748e053e129669cf3e896d381e3c0ac01c763edd. Ni limite physique ni calibration terrain.,"Valeur de scénario proposée, à valider. Le niveau courant reprend le défaut déclaré ; élevé et très élevé utilisent 75 % et 100 % de la référence haute du curseur. Ces niveaux ne sont pas des statistiques observées.",True
tls,inputs.pollution_sensitivity,élevé,forte sensibilité à la pollution,1.5,unit:UNITLESS,0.75 * 2.0,Convention d’essai WebSemantic ; références de curseurs vérifiées dans TLS app.py @748e053e129669cf3e896d381e3c0ac01c763edd. Ni limite physique ni calibration terrain.,"Valeur de scénario proposée, à valider. Le niveau courant reprend le défaut déclaré ; élevé et très élevé utilisent 75 % et 100 % de la référence haute du curseur. Ces niveaux ne sont pas des statistiques observées.",True
tls,inputs.pollution_sensitivity,très élevé,très forte sensibilité à la pollution,2.0,unit:UNITLESS,1.0 * 2.0,Convention d’essai WebSemantic ; références de curseurs vérifiées dans TLS app.py @748e053e129669cf3e896d381e3c0ac01c763edd. Ni limite physique ni calibration terrain.,"Valeur de scénario proposée, à valider. Le niveau courant reprend le défaut déclaré ; élevé et très élevé utilisent 75 % et 100 % de la référence haute du curseur. Ces niveaux ne sont pas des statistiques observées.",True
tls,inputs.accident_sensitivity,faible,faible sensibilité aux accidents,0.1875,unit:UNITLESS,0.1875,Convention d’essai WebSemantic ; références de curseurs vérifiées dans TLS app.py @748e053e129669cf3e896d381e3c0ac01c763edd. Ni limite physique ni calibration terrain.,"Valeur de scénario proposée, à valider. Le niveau courant reprend le défaut déclaré ; élevé et très élevé utilisent 75 % et 100 % de la référence haute du curseur. Ces niveaux ne sont pas des statistiques observées.",True
tls,inputs.accident_sensitivity,courant,sensibilité aux accidents courante,0.75,unit:UNITLESS,0.75,Convention d’essai WebSemantic ; références de curseurs vérifiées dans TLS app.py @748e053e129669cf3e896d381e3c0ac01c763edd. Ni limite physique ni calibration terrain.,"Valeur de scénario proposée, à valider. Le niveau courant reprend le défaut déclaré ; élevé et très élevé utilisent 75 % et 100 % de la référence haute du curseur. Ces niveaux ne sont pas des statistiques observées.",True
tls,inputs.accident_sensitivity,élevé,forte sensibilité aux accidents,1.5,unit:UNITLESS,0.75 * 2.0,Convention d’essai WebSemantic ; références de curseurs vérifiées dans TLS app.py @748e053e129669cf3e896d381e3c0ac01c763edd. Ni limite physique ni calibration terrain.,"Valeur de scénario proposée, à valider. Le niveau courant reprend le défaut déclaré ; élevé et très élevé utilisent 75 % et 100 % de la référence haute du curseur. Ces niveaux ne sont pas des statistiques observées.",True
tls,inputs.accident_sensitivity,très élevé,très forte sensibilité aux accidents,2.0,unit:UNITLESS,1.0 * 2.0,Convention d’essai WebSemantic ; références de curseurs vérifiées dans TLS app.py @748e053e129669cf3e896d381e3c0ac01c763edd. Ni limite physique ni calibration terrain.,"Valeur de scénario proposée, à valider. Le niveau courant reprend le défaut déclaré ; élevé et très élevé utilisent 75 % et 100 % de la référence haute du curseur. Ces niveaux ne sont pas des statistiques observées.",True
tls,experiment.start_date,,,,,,,"Demander une date ou une référence temporelle explicite. « Tôt », « tard » et « début d’année » sans année ne déterminent pas une date. Ne pas choisir silencieusement la date du jour. Le défaut est une proposition acceptée seulement sur accord.",
tls,experiment.n_days,court,courte période de simulation | simulation courte,1,unit:DAY,1,Convention d’essai WebSemantic ; références de curseurs vérifiées dans TLS app.py @748e053e129669cf3e896d381e3c0ac01c763edd. Ni limite physique ni calibration terrain.,"Durées conventionnelles en jours : 1, 7, 365 et 1095. Les calculs longs peuvent être plus coûteux ; ces durées ne garantissent pas une couverture calendaire complète.",True
tls,experiment.n_days,courant,durée de simulation courante,7,unit:DAY,7,Convention d’essai WebSemantic ; références de curseurs vérifiées dans TLS app.py @748e053e129669cf3e896d381e3c0ac01c763edd. Ni limite physique ni calibration terrain.,"Durées conventionnelles en jours : 1, 7, 365 et 1095. Les calculs longs peuvent être plus coûteux ; ces durées ne garantissent pas une couverture calendaire complète.",True
tls,experiment.n_days,long,longue période de simulation | simulation longue,365,unit:DAY,365,Convention d’essai WebSemantic ; références de curseurs vérifiées dans TLS app.py @748e053e129669cf3e896d381e3c0ac01c763edd. Ni limite physique ni calibration terrain.,"Durées conventionnelles en jours : 1, 7, 365 et 1095. Les calculs longs peuvent être plus coûteux ; ces durées ne garantissent pas une couverture calendaire complète.",True
tls,experiment.n_days,très long,très longue période de simulation | simulation très longue,1095,unit:DAY,1095,Convention d’essai WebSemantic ; références de curseurs vérifiées dans TLS app.py @748e053e129669cf3e896d381e3c0ac01c763edd. Ni limite physique ni calibration terrain.,"Durées conventionnelles en jours : 1, 7, 365 et 1095. Les calculs longs peuvent être plus coûteux ; ces durées ne garantissent pas une couverture calendaire complète.",True
tls,experiment.freq_minutes,très fin,pas très fin | résolution temporelle très fine,5,unit:MIN,5,Convention d’essai WebSemantic ; références de curseurs vérifiées dans TLS app.py @748e053e129669cf3e896d381e3c0ac01c763edd. Ni limite physique ni calibration terrain.,"Pas internes admis par TLS, en minutes. Un pas plus fin est plus petit. Une sortie journalière est une agrégation et ne fixe pas ce pas interne.",True
tls,experiment.freq_minutes,fin,pas fin | résolution temporelle fine,10,unit:MIN,10,Convention d’essai WebSemantic ; références de curseurs vérifiées dans TLS app.py @748e053e129669cf3e896d381e3c0ac01c763edd. Ni limite physique ni calibration terrain.,"Pas internes admis par TLS, en minutes. Un pas plus fin est plus petit. Une sortie journalière est une agrégation et ne fixe pas ce pas interne.",True
tls,experiment.freq_minutes,intermédiaire,pas intermédiaire,15,unit:MIN,15,Convention d’essai WebSemantic ; références de curseurs vérifiées dans TLS app.py @748e053e129669cf3e896d381e3c0ac01c763edd. Ni limite physique ni calibration terrain.,"Pas internes admis par TLS, en minutes. Un pas plus fin est plus petit. Une sortie journalière est une agrégation et ne fixe pas ce pas interne.",True
tls,experiment.freq_minutes,large,pas large,30,unit:MIN,30,Convention d’essai WebSemantic ; références de curseurs vérifiées dans TLS app.py @748e053e129669cf3e896d381e3c0ac01c763edd. Ni limite physique ni calibration terrain.,"Pas internes admis par TLS, en minutes. Un pas plus fin est plus petit. Une sortie journalière est une agrégation et ne fixe pas ce pas interne.",True
tls,experiment.freq_minutes,grossier,pas grossier | résolution temporelle grossière,60,unit:MIN,60,Convention d’essai WebSemantic ; références de curseurs vérifiées dans TLS app.py @748e053e129669cf3e896d381e3c0ac01c763edd. Ni limite physique ni calibration terrain.,"Pas internes admis par TLS, en minutes. Un pas plus fin est plus petit. Une sortie journalière est une agrégation et ne fixe pas ce pas interne.",True
tls,experiment.n_runs,peu,peu de réalisations,1,unit:NUM,1,Convention d’essai WebSemantic ; références de curseurs vérifiées dans TLS app.py @748e053e129669cf3e896d381e3c0ac01c763edd. Ni limite physique ni calibration terrain.,"Comptages Monte Carlo conventionnels, à valider ; beaucoup = 30 et énormément = 50 selon une échelle entière. Plus de réalisations augmente le coût ; cela ne valide pas le modèle.",True
tls,experiment.n_runs,courant,nombre courant de réalisations,3,unit:NUM,3,Convention d’essai WebSemantic ; références de curseurs vérifiées dans TLS app.py @748e053e129669cf3e896d381e3c0ac01c763edd. Ni limite physique ni calibration terrain.,"Comptages Monte Carlo conventionnels, à valider ; beaucoup = 30 et énormément = 50 selon une échelle entière. Plus de réalisations augmente le coût ; cela ne valide pas le modèle.",True
tls,experiment.n_runs,beaucoup,beaucoup de réalisations,30,unit:NUM,30,Convention d’essai WebSemantic ; références de curseurs vérifiées dans TLS app.py @748e053e129669cf3e896d381e3c0ac01c763edd. Ni limite physique ni calibration terrain.,"Comptages Monte Carlo conventionnels, à valider ; beaucoup = 30 et énormément = 50 selon une échelle entière. Plus de réalisations augmente le coût ; cela ne valide pas le modèle.",True
tls,experiment.n_runs,maximum de référence,énormément de réalisations,50,unit:NUM,50,Convention d’essai WebSemantic ; références de curseurs vérifiées dans TLS app.py @748e053e129669cf3e896d381e3c0ac01c763edd. Ni limite physique ni calibration terrain.,"Comptages Monte Carlo conventionnels, à valider ; beaucoup = 30 et énormément = 50 selon une échelle entière. Plus de réalisations augmente le coût ; cela ne valide pas le modèle.",True
tls,experiment.base_seed,,,,,,,"Identifiant technique fixe à 42 par autorisation antérieure, modifiable uniquement sur demande explicite chiffrée. Faible, forte, meilleure ou nouvelle graine ne désignent pas une intensité physique ; demander une valeur. Ne pas proposer de graine qualitative.",
